contrast,nrel_id,Side,year_a,year_b,tracer_a,tracer_b,n_a,n_b,pmax_a_raw,pmax_b_raw,delta_raw_pct,comparability_raw_sensitivity,same_instrument,source_bridge_applied
2019_to_2024,M1812-0011,front,2019,2024,Spire 5600,Spire 5600,2,1,381.4,377.54,-1.0120608285264732,C2,True,False
2019_to_2024,M1812-0011,rear,2019,2024,Spire 5600,Spire 5600,1,1,337.3,332.8,-1.3341239252890547,C2,True,False
2019_to_2024,M1812-0030,front,2019,2024,Spire 5600,Spire 5600,1,1,386.9,350.35,-9.44688550012922,C2,True,False
2019_to_2024,M1812-0030,rear,2019,2024,Spire 5600,Spire 5600,1,1,333.7,310.86,-6.844471081809999,C2,True,False
2019_to_2024,M1901-0001,mono,2019,2024,Spire 5600,Spire 5600,3,1,358.9,346.85,-3.3574811925327297,C2,True,False
2019_to_2024,M1901-0004,mono,2019,2024,Spire 5600,Spire 5600,2,1,364.2,358.08,-1.6803953871499244,C2,True,False
2019_to_2024,M1905-0005,front,2019,2024,Spire 5600,Spire 5600,2,1,354.29999999999995,345.69,-2.430143945808627,C2,True,False
2019_to_2024,M1905-0022,front,2019,2024,Spire 5600,Spire 5600,1,1,347.7,334.54,-3.7848720161058336,C2,True,False
2019_to_2024,M1905-0022,rear,2019,2024,Spire 5600,Spire 5600,1,1,240.2,234.96,-2.1815154038301365,C2,True,False
2019_to_2022,M1812-0010,front,2019,2022,Spire 5600,Spire 4600,2,1,386.35,384.4,-0.5047236961304602,C1,False,False
2019_to_2022,M1812-0010,front,2019,2022,Spire 5600,Spire 5600,2,1,386.35,385.4,-0.24589103144817548,C2,True,False
2019_to_2022,M1812-0010,rear,2019,2022,Spire 5600,Spire 4600,1,1,332.5,330.0,-0.7518796992481258,C1,False,False
2019_to_2022,M1812-0010,rear,2019,2022,Spire 5600,Spire 5600,1,1,332.5,332.5,0.0,C2,True,False
2019_to_2022,M1812-0011,front,2019,2022,Spire 5600,Spire 4600,2,1,381.4,378.8,-0.6816990036706772,C1,False,False
2019_to_2022,M1812-0011,front,2019,2022,Spire 5600,Spire 5600,2,1,381.4,381.2,-0.052438384897746104,C2,True,False
2019_to_2022,M1812-0011,rear,2019,2022,Spire 5600,Spire 4600,1,1,337.3,333.9,-1.0080047435517492,C1,False,False
2019_to_2022,M1812-0011,rear,2019,2022,Spire 5600,Spire 5600,1,1,337.3,330.6,-1.98636228876371,C2,True,False
2019_to_2022,M1812-0030,front,2019,2022,Spire 5600,Spire 4600,1,1,386.9,358.9,-7.237012147841815,C1,False,False
2019_to_2022,M1812-0030,rear,2019,2022,Spire 5600,Spire 4600,1,1,333.7,315.3,-5.513934671860943,C1,False,False
2019_to_2022,M1812-0031,front,2019,2022,Spire 5600,Spire 4600,1,1,387.7,356.2,-8.124838792881095,C1,False,False
2019_to_2022,M1812-0032,front,2019,2022,Spire 5600,Spire 4600,1,1,388.6,358.7,-7.694287184765836,C1,False,False
2019_to_2022,M1812-0032,rear,2019,2022,Spire 5600,Spire 4600,1,2,335.7,317.70000000000005,-5.361930294906148,C1,False,False
2019_to_2022,M1812-0033,front,2019,2022,Spire 5600,Spire 4600,1,1,385.3,355.2,-7.812094471840125,C1,False,False
2019_to_2022,M1812-0033,rear,2019,2022,Spire 5600,Spire 4600,1,1,323.0,307.2,-4.89164086687307,C1,False,False
2019_to_2022,M1901-0001,mono,2019,2022,Spire 5600,Spire 5600,3,1,358.9,351.2,-2.145444413485642,C2,True,False
2019_to_2022,M1901-0004,mono,2019,2022,Spire 5600,Spire 5600,2,1,364.2,361.8,-0.6589785831960349,C2,True,False
2019_to_2022,M1905-0005,front,2019,2022,Spire 5600,Spire 5600,2,2,354.29999999999995,346.6,-2.173299463731282,C2,True,False
2019_to_2022,M1905-0020,front,2019,2022,Spire 5600,Spire 5600,1,2,355.3,340.3,-4.221784407542916,C2,True,False
2019_to_2022,M1905-0020,rear,2019,2022,Spire 5600,Spire 5600,1,2,252.2,241.5,-4.242664551942898,C2,True,False
2019_to_2022,M1905-0022,front,2019,2022,Spire 5600,Spire 5600,1,2,347.7,335.65,-3.4656312913431186,C2,True,False
2019_to_2022,M1905-0022,rear,2019,2022,Spire 5600,Spire 5600,1,2,240.2,235.0,-2.164862614487917,C2,True,False
2022_to_2024,M1812-0011,front,2022,2024,Spire 4600,Spire 5600,1,1,378.8,377.54,-0.33262935586061415,C1,False,False
2022_to_2024,M1812-0011,front,2022,2024,Spire 5600,Spire 5600,1,1,381.2,377.54,-0.9601259181531874,C2,True,False
2022_to_2024,M1812-0011,rear,2022,2024,Spire 4600,Spire 5600,1,1,333.9,332.8,-0.32943995208145616,C1,False,False
2022_to_2024,M1812-0011,rear,2022,2024,Spire 5600,Spire 5600,1,1,330.6,332.8,0.6654567453115545,C2,True,False
2022_to_2024,M1812-0030,front,2022,2024,Spire 4600,Spire 5600,1,1,358.9,350.35,-2.3822791864028803,C1,False,False
2022_to_2024,M1812-0030,rear,2022,2024,Spire 4600,Spire 5600,1,1,315.3,310.86,-1.4081826831588984,C1,False,False
2022_to_2024,M1901-0001,mono,2022,2024,Spire 5600,Spire 5600,1,1,351.2,346.85,-1.2386104783599028,C2,True,False
2022_to_2024,M1901-0004,mono,2022,2024,Spire 5600,Spire 5600,1,1,361.8,358.08,-1.0281923714759555,C2,True,False
2022_to_2024,M1905-0005,front,2022,2024,Spire 5600,Spire 5600,2,1,346.6,345.69,-0.2625504904789411,C2,True,False
2022_to_2024,M1905-0005,rear,2022,2024,Spire 5600,Spire 5600,2,1,234.55,235.11,0.2387550628863755,C2,True,False
2022_to_2024,M1905-0022,front,2022,2024,Spire 5600,Spire 5600,2,1,335.65,334.54,-0.3307016237151683,C2,True,False
2022_to_2024,M1905-0022,rear,2022,2024,Spire 5600,Spire 5600,2,1,235.0,234.96,-0.017021276595741153,C2,True,False
2022_to_2024,M2003-0001,front,2022,2024,Spire 5600,Spire 5600,1,1,360.8,357.2,-0.9977827050997812,C2,True,False
2022_to_2024,M2003-0001,rear,2022,2024,Spire 5600,Spire 5600,1,1,261.9,258.8,-1.1836578846888046,C2,True,False
2022_to_2024,M2003-0014,front,2022,2024,Spire 5600,Spire 5600,1,1,358.2,352.7,-1.535455053042989,C2,True,False
2022_to_2024,M2003-0014,rear,2022,2024,Spire 5600,Spire 5600,1,1,262.8,259.0,-1.4459665144596734,C2,True,False
